"frame","surprise","fear","disgust","anger","contempt","happiness","neutral","sadness"
"0","","","","","","","",""
"1","","","","","","","",""
"2","","","","","","","",""
"3","","","","","","","",""
"4","","","","","","","",""
"5","","","","","","","",""
"6","","","","","","","",""
"7","","","","","","","",""
"8","","","","","","","",""
"9","","","","","","","",""
"10","","","","","","","",""
"11","","","","","","","",""
"12","","","","","","","",""
"13","","","","","","","",""
"14","","","","","","","",""
"15","","","","","","","",""
"16","","","","","","","",""
"17","","","","","","","",""
"18","","","","","","","",""
"19","","","","","","","",""
"20","","","","","","","",""
"21","","","","","","","",""
"22","","","","","","","",""
"23","","","","","","","",""
"24","","","","","","","",""
"25","","","","","","","",""
"26","","","","","","","",""
"27","","","","","","","",""
"28","","","","","","","",""
"29","","","","","","","",""
"30","","","","","","","",""
"31","","","","","","","",""
"32","","","","","","","",""
"33","","","","","","","",""
"34","","","","","","","",""
"35","","","","","","","",""
"36","","","","","","","",""
"37","","","","","","","",""
"38","","","","","","","",""
"39","","","","","","","",""
"40","","","","","","","",""
"41","","","","","","","",""
"42","","","","","","","",""
"43","","","","","","","",""
"44","","","","","","","",""
"45","","","","","","","",""
"46","","","","","","","",""
"47","","","","","","","",""
"48","","","","","","","",""
"49","","","","","","","",""
"50","","","","","","","",""
"51","","","","","","","",""
"52","","","","","","","",""
"53","","","","","","","",""
"54","","","","","","","",""
"55","","","","","","","",""
"56","","","","","","","",""
"57","","","","","","","",""
"58","","","","","","","",""
"59","","","","","","","",""
"60","","","","","","","",""
"61","","","","","","","",""
"62","","","","","","","",""
"63","","","","","","","",""
"64","","","","","","","",""
"65","","","","","","","",""
"66","","","","","","","",""
"67","","","","","","","",""
"68","","","","","","","",""
"69","","","","","","","",""
"70","","","","","","","",""
"71","","","","","","","",""
"72","","","","","","","",""
"73","","","","","","","",""
"74","","","","","","","",""
"75","","","","","","","",""
"76","","","","","","","",""
"77","","","","","","","",""
"78","","","","","","","",""
"79","","","","","","","",""
"80","","","","","","","",""
"81","","","","","","","",""
"82","","","","","","","",""
"83","","","","","","","",""
"84","","","","","","","",""
"85","","","","","","","",""
"86","","","","","","","",""
"87","","","","","","","",""
"88","","","","","","","",""
"89","","","","","","","",""
"90","","","","","","","",""
"91","","","","","","","",""
"92","","","","","","","",""
"93","","","","","","","",""
"94","","","","","","","",""
"95","","","","","","","",""
"96","","","","","","","",""
"97","","","","","","","",""
"98","","","","","","","",""
"99","","","","","","","",""
"100","","","","","","","",""
"101","","","","","","","",""
"102","","","","","","","",""
"103","","","","","","","",""
"104","","","","","","","",""
"105","","","","","","","",""
"106","","","","","","","",""
"107","","","","","","","",""
"108","","","","","","","",""
"109","","","","","","","",""
"110","","","","","","","",""
"111","","","","","","","",""
"112","","","","","","","",""
"113","","","","","","","",""
"114","","","","","","","",""
"115","","","","","","","",""
"116","","","","","","","",""
"117","","","","","","","",""
"118","","","","","","","",""
"119","","","","","","","",""
"120","","","","","","","",""
"121","","","","","","","",""
"122","","","","","","","",""
"123","","","","","","","",""
"124","","","","","","","",""
"125","","","","","","","",""
"126","","","","","","","",""
"127","","","","","","","",""
"128","","","","","","","",""
"129","","","","","","","",""
"130","","","","","","","",""
"131","","","","","","","",""
"132","","","","","","","",""
"133","","","","","","","",""
"134","","","","","","","",""
"135","","","","","","","",""
"136","","","","","","","",""
"137","","","","","","","",""
"138","","","","","","","",""
"139","","","","","","","",""
"140","","","","","","","",""
"141","","","","","","","",""
"142","","","","","","","",""
"143","","","","","","","",""
"144","","","","","","","",""
"145","","","","","","","",""
"146","","","","","","","",""
"147","","","","","","","",""
"148","","","","","","","",""
"149","","","","","","","",""
"150","","","","","","","",""
"151","","","","","","","",""
"152","","","","","","","",""
"153","","","","","","","",""
"154","","","","","","","",""
"155","","","","","","","",""
"156","","","","","","","",""
"157","","","","","","","",""
"158","","","","","","","",""
"159","","","","","","","",""
"160","","","","","","","",""
"161","","","","","","","",""
"162","","","","","","","",""
"163","","","","","","","",""
"164","","","","","","","",""
"165","","","","","","","",""
"166","","","","","","","",""
"167","","","","","","","",""
"168","","","","","","","",""
"169","","","","","","","",""
"170","","","","","","","",""
"171","","","","","","","",""
"172","","","","","","","",""
"173","","","","","","","",""
"174","","","","","","","",""
"175","","","","","","","",""
"176","","","","","","","",""
"177","","","","","","","",""
"178","","","","","","","",""
"179","","","","","","","",""
"180","","","","","","","",""
"181","","","","","","","",""
"182","","","","","","","",""
"183","","","","","","","",""
"184","","","","","","","",""
"185","","","","","","","",""
"186","","","","","","","",""
"187","","","","","","","",""
"188","","","","","","","",""
"189","","","","","","","",""
"190","","","","","","","",""
"191","","","","","","","",""
"192","","","","","","","",""
"193","","","","","","","",""
"194","","","","","","","",""
"195","","","","","","","",""
"196","","","","","","","",""
"197","","","","","","","",""
"198","","","","","","","",""
"199","","","","","","","",""
"200","","","","","","","",""
"201","","","","","","","",""
"202","","","","","","","",""
"203","","","","","","","",""
"204","","","","","","","",""
"205","","","","","","","",""
"206","","","","","","","",""
"207","","","","","","","",""
"208","","","","","","","",""
"209","","","","","","","",""
"210","","","","","","","",""
"211","","","","","","","",""
"212","","","","","","","",""
"213","","","","","","","",""
"214","","","","","","","",""
"215","","","","","","","",""
"216","","","","","","","",""
"217","","","","","","","",""
"218","","","","","","","",""
"219","","","","","","","",""
"220","","","","","","","",""
"221","","","","","","","",""
"222","","","","","","","",""
"223","","","","","","","",""
"224","","","","","","","",""
"225","","","","","","","",""
"226","","","","","","","",""
"227","","","","","","","",""
"228","","","","","","","",""
"229","","","","","","","",""
"230","","","","","","","",""
"231","","","","","","","",""
"232","","","","","","","",""
"233","","","","","","","",""
"234","","","","","","","",""
"235","","","","","","","",""
"236","","","","","","","",""
"237","","","","","","","",""
"238","","","","","","","",""
"239","","","","","","","",""
"240","","","","","","","",""
"241","","","","","","","",""
"242","","","","","","","",""
"243","","","","","","","",""
"244","","","","","","","",""
"245","","","","","","","",""
"246","","","","","","","",""
"247","","","","","","","",""
"248","","","","","","","",""
"249","","","","","","","",""
"250","","","","","","","",""
"251","","","","","","","",""
"252","","","","","","","",""
"253","","","","","","","",""
"254","","","","","","","",""
"255","","","","","","","",""
"256","","","","","","","",""
"257","","","","","","","",""
"258","","","","","","","",""
"259","","","","","","","",""
"260","","","","","","","",""
"261","","","","","","","",""
"262","","","","","","","",""
"263","","","","","","","",""
"264","","","","","","","",""
"265","","","","","","","",""
"266","","","","","","","",""
"267","","","","","","","",""
"268","","","","","","","",""
"269","","","","","","","",""
"270","","","","","","","",""
"271","","","","","","","",""
"272","","","","","","","",""
"273","","","","","","","",""
"274","","","","","","","",""
"275","","","","","","","",""
"276","","","","","","","",""
"277","","","","","","","",""
"278","","","","","","","",""
"279","","","","","","","",""
"280","","","","","","","",""
"281","","","","","","","",""
"282","","","","","","","",""
"283","","","","","","","",""
"284","","","","","","","",""
"285","","","","","","","",""
"286","","","","","","","",""
"287","","","","","","","",""
"288","","","","","","","",""
"289","","","","","","","",""
"290","","","","","","","",""
"291","","","","","","","",""
"292","","","","","","","",""
"293","","","","","","","",""
"294","","","","","","","",""
"295","","","","","","","",""
"296","","","","","","","",""
"297","","","","","","","",""
"298","","","","","","","",""
"299","","","","","","","",""
"300","","","","","","","",""
"301","","","","","","","",""
"302","","","","","","","",""
"303","","","","","","","",""
"304","","","","","","","",""
"305","","","","","","","",""
"306","","","","","","","",""
"307","","","","","","","",""
"308","","","","","","","",""
"309","","","","","","","",""
"310","","","","","","","",""
"311","","","","","","","",""
"312","","","","","","","",""
"313","","","","","","","",""
"314","","","","","","","",""
"315","","","","","","","",""
"316","","","","","","","",""
"317","","","","","","","",""
"318","","","","","","","",""
"319","","","","","","","",""
"320","","","","","","","",""
"321","","","","","","","",""
"322","","","","","","","",""
"323","","","","","","","",""
"324","","","","","","","",""
"325","","","","","","","",""
"326","","","","","","","",""
"327","","","","","","","",""
"328","","","","","","","",""
"329","","","","","","","",""
"330","","","","","","","",""
"331","","","","","","","",""
"332","","","","","","","",""
"333","","","","","","","",""
"334","","","","","","","",""
"335","","","","","","","",""
"336","","","","","","","",""
"337","","","","","","","",""
"338","","","","","","","",""
"339","","","","","","","",""
"340","","","","","","","",""
"341","","","","","","","",""
"342","","","","","","","",""
"343","","","","","","","",""
"344","","","","","","","",""
"345","","","","","","","",""
"346","","","","","","","",""
"347","","","","","","","",""
"348","","","","","","","",""
"349","","","","","","","",""
"350","","","","","","","",""
"351","","","","","","","",""
"352","","","","","","","",""
"353","","","","","","","",""
"354","","","","","","","",""
"355","","","","","","","",""
"356","","","","","","","",""
"357","","","","","","","",""
"358","","","","","","","",""
"359","","","","","","","",""
"360","","","","","","","",""
"361","","","","","","","",""
"362","","","","","","","",""
"363","","","","","","","",""
"364","","","","","","","",""
"365","","","","","","","",""
"366","","","","","","","",""
"367","","","","","","","",""
"368","","","","","","","",""
"369","","","","","","","",""
"370","","","","","","","",""
"371","","","","","","","",""
"372","","","","","","","",""
"373","","","","","","","",""
"374","","","","","","","",""
"375","","","","","","","",""
"376","","","","","","","",""
"377","","","","","","","",""
"378","","","","","","","",""
"379","","","","","","","",""
"380","","","","","","","",""
"381","","","","","","","",""
"382","","","","","","","",""
"383","","","","","","","",""
"384","","","","","","","",""
"385","","","","","","","",""
"386","","","","","","","",""
"387","","","","","","","",""
"388","","","","","","","",""
"389","","","","","","","",""
"390","","","","","","","",""
"391","","","","","","","",""
"392","","","","","","","",""
"393","","","","","","","",""
"394","","","","","","","",""
"395","","","","","","","",""
"396","","","","","","","",""
"397","","","","","","","",""
"398","","","","","","","",""
"399","","","","","","","",""
"400","","","","","","","",""
"401","","","","","","","",""
"402","","","","","","","",""
"403","","","","","","","",""
"404","","","","","","","",""
"405","","","","","","","",""
"406","","","","","","","",""
"407","","","","","","","",""
"408","","","","","","","",""
"409","","","","","","","",""
"410","","","","","","","",""
"411","","","","","","","",""
"412","","","","","","","",""
"413","","","","","","","",""
"414","","","","","","","",""
"415","","","","","","","",""
"416","","","","","","","",""
"417","","","","","","","",""
"418","","","","","","","",""
"419","","","","","","","",""
"420","","","","","","","",""
"421","","","","","","","",""
"422","","","","","","","",""
"423","","","","","","","",""
"424","","","","","","","",""
"425","","","","","","","",""
"426","","","","","","","",""
"427","","","","","","","",""
"428","","","","","","","",""
"429","","","","","","","",""
"430","","","","","","","",""
"431","","","","","","","",""
"432","","","","","","","",""
"433","","","","","","","",""
"434","","","","","","","",""
"435","","","","","","","",""
"436","","","","","","","",""
"437","","","","","","","",""
"438","","","","","","","",""
"439","","","","","","","",""
"440","","","","","","","",""
"441","","","","","","","",""
"442","","","","","","","",""
"443","","","","","","","",""
"444","","","","","","","",""
"445","","","","","","","",""
"446","","","","","","","",""
"447","","","","","","","",""
"448","","","","","","","",""
"449","","","","","","","",""
"450","","","","","","","",""
"451","","","","","","","",""
"452","","","","","","","",""
"453","","","","","","","",""
"454","","","","","","","",""
"455","","","","","","","",""
"456","","","","","","","",""
"457","","","","","","","",""
"458","","","","","","","",""
"459","","","","","","","",""
"460","","","","","","","",""
"461","","","","","","","",""
"462","","","","","","","",""
"463","","","","","","","",""
"464","","","","","","","",""
"465","","","","","","","",""
"466","","","","","","","",""
"467","","","","","","","",""
"468","","","","","","","",""
"469","","","","","","","",""
"470","","","","","","","",""
"471","","","","","","","",""
"472","","","","","","","",""
"473","","","","","","","",""
"474","","","","","","","",""
"475","","","","","","","",""
"476","","","","","","","",""
"477","","","","","","","",""
"478","","","","","","","",""
"479","","","","","","","",""
"480","","","","","","","",""
"481","","","","","","","",""
"482","","","","","","","",""
"483","","","","","","","",""
"484","","","","","","","",""
"485","","","","","","","",""
"486","","","","","","","",""
"487","","","","","","","",""
"488","","","","","","","",""
"489","","","","","","","",""
"490","","","","","","","",""
"491","","","","","","","",""
"492","","","","","","","",""
"493","","","","","","","",""
"494","","","","","","","",""
"495","","","","","","","",""
"496","","","","","","","",""
"497","","","","","","","",""
"498","","","","","","","",""
"499","","","","","","","",""
"500","","","","","","","",""
"501","","","","","","","",""
"502","","","","","","","",""
"503","","","","","","","",""
"504","","","","","","","",""
"505","","","","","","","",""
"506","","","","","","","",""
"507","","","","","","","",""
"508","","","","","","","",""
"509","","","","","","","",""
"510","","","","","","","",""
"511","","","","","","","",""
"512","","","","","","","",""
"513","","","","","","","",""
"514","","","","","","","",""
"515","","","","","","","",""
"516","","","","","","","",""
"517","","","","","","","",""
"518","","","","","","","",""
"519","","","","","","","",""
"520","","","","","","","",""
"521","","","","","","","",""
"522","","","","","","","",""
"523","","","","","","","",""
"524","","","","","","","",""
"525","","","","","","","",""
"526","","","","","","","",""
"527","","","","","","","",""
"528","","","","","","","",""
"529","","","","","","","",""
"530","","","","","","","",""
"531","","","","","","","",""
"532","","","","","","","",""
"533","","","","","","","",""
"534","","","","","","","",""
"535","","","","","","","",""
"536","","","","","","","",""
"537","","","","","","","",""
"538","","","","","","","",""
"539","","","","","","","",""
"540","","","","","","","",""
"541","","","","","","","",""
"542","","","","","","","",""
"543","","","","","","","",""
"544","","","","","","","",""
"545","","","","","","","",""
"546","","","","","","","",""
"547","","","","","","","",""
"548","","","","","","","",""
"549","","","","","","","",""
"550","","","","","","","",""
"551","","","","","","","",""
"552","","","","","","","",""
"553","","","","","","","",""
"554","","","","","","","",""
"555","","","","","","","",""
"556","","","","","","","",""
"557","","","","","","","",""
"558","","","","","","","",""
"559","","","","","","","",""
"560","","","","","","","",""
"561","","","","","","","",""
"562","","","","","","","",""
"563","","","","","","","",""
"564","","","","","","","",""
"565","","","","","","","",""
"566","","","","","","","",""
"567","","","","","","","",""
"568","","","","","","","",""
"569","","","","","","","",""
"570","","","","","","","",""
"571","","","","","","","",""
"572","","","","","","","",""
"573","","","","","","","",""
"574","","","","","","","",""
"575","","","","","","","",""
"576","","","","","","","",""
"577","","","","","","","",""
"578","","","","","","","",""
"579","","","","","","","",""
"580","","","","","","","",""
"581","","","","","","","",""
"582","","","","","","","",""
"583","","","","","","","",""
"584","","","","","","","",""
"585","","","","","","","",""
"586","","","","","","","",""
"587","","","","","","","",""
"588","","","","","","","",""
"589","","","","","","","",""
"590","","","","","","","",""
"591","","","","","","","",""
"592","","","","","","","",""
"593","","","","","","","",""
"594","","","","","","","",""
"595","","","","","","","",""
"596","","","","","","","",""
"597","","","","","","","",""
"598","","","","","","","",""
"599","","","","","","","",""
"600","","","","","","","",""
"601","","","","","","","",""
"602","","","","","","","",""
"603","","","","","","","",""
"604","","","","","","","",""
"605","","","","","","","",""
"606","","","","","","","",""
"607","","","","","","","",""
"608","","","","","","","",""
"609","","","","","","","",""
"610","","","","","","","",""
"611","","","","","","","",""
"612","","","","","","","",""
"613","","","","","","","",""
"614","","","","","","","",""
"615","","","","","","","",""
"616","","","","","","","",""
"617","","","","","","","",""
"618","","","","","","","",""
"619","","","","","","","",""
"620","","","","","","","",""
"621","","","","","","","",""
"622","","","","","","","",""
"623","","","","","","","",""
"624","","","","","","","",""
"625","","","","","","","",""
"626","","","","","","","",""
"627","","","","","","","",""
"628","","","","","","","",""
"629","","","","","","","",""
"630","","","","","","","",""
"631","","","","","","","",""
"632","","","","","","","",""
"633","","","","","","","",""
"634","","","","","","","",""
"635","","","","","","","",""
"636","","","","","","","",""
"637","","","","","","","",""
"638","","","","","","","",""
"639","","","","","","","",""
"640","","","","","","","",""
"641","","","","","","","",""
"642","","","","","","","",""
"643","","","","","","","",""
"644","","","","","","","",""
"645","","","","","","","",""
"646","","","","","","","",""
"647","","","","","","","",""
"648","","","","","","","",""
"649","","","","","","","",""
"650","","","","","","","",""
"651","","","","","","","",""
"652","","","","","","","",""
"653","","","","","","","",""
"654","","","","","","","",""
"655","","","","","","","",""
"656","","","","","","","",""
"657","","","","","","","",""
"658","","","","","","","",""
"659","","","","","","","",""
"660","","","","","","","",""
"661","","","","","","","",""
"662","","","","","","","",""
"663","","","","","","","",""
"664","","","","","","","",""
"665","","","","","","","",""
"666","","","","","","","",""
"667","","","","","","","",""
"668","","","","","","","",""
"669","","","","","","","",""
"670","","","","","","","",""
"671","","","","","","","",""
"672","","","","","","","",""
"673","","","","","","","",""
"674","","","","","","","",""
"675","","","","","","","",""
"676","","","","","","","",""
"677","","","","","","","",""
"678","","","","","","","",""
"679","","","","","","","",""
"680","","","","","","","",""
"681","","","","","","","",""
"682","","","","","","","",""
"683","","","","","","","",""
"684","","","","","","","",""
"685","","","","","","","",""
"686","","","","","","","",""
"687","","","","","","","",""
"688","","","","","","","",""
"689","","","","","","","",""
"690","","","","","","","",""
"691","","","","","","","",""
"692","","","","","","","",""
"693","","","","","","","",""
"694","","","","","","","",""
"695","","","","","","","",""
"696","","","","","","","",""
"697","","","","","","","",""
"698","","","","","","","",""
"699","","","","","","","",""
"700","","","","","","","",""
"701","","","","","","","",""
"702","","","","","","","",""
"703","","","","","","","",""
"704","","","","","","","",""
"705","","","","","","","",""
"706","","","","","","","",""
"707","","","","","","","",""
"708","","","","","","","",""
"709","","","","","","","",""
"710","","","","","","","",""
"711","","","","","","","",""
"712","","","","","","","",""
"713","","","","","","","",""
"714","","","","","","","",""
"715","","","","","","","",""
"716","","","","","","","",""
"717","","","","","","","",""
"718","","","","","","","",""
"719","","","","","","","",""
"720","","","","","","","",""
"721","","","","","","","",""
"722","","","","","","","",""
"723","","","","","","","",""
"724","","","","","","","",""
"725","","","","","","","",""
"726","","","","","","","",""
"727","","","","","","","",""
"728","","","","","","","",""
"729","","","","","","","",""
"730","","","","","","","",""
"731","","","","","","","",""
"732","","","","","","","",""
"733","","","","","","","",""
"734","","","","","","","",""
"735","","","","","","","",""
"736","","","","","","","",""
"737","","","","","","","",""
"738","","","","","","","",""
"739","","","","","","","",""
"740","","","","","","","",""
"741","","","","","","","",""
"742","","","","","","","",""
"743","","","","","","","",""
"744","","","","","","","",""
"745","","","","","","","",""
"746","","","","","","","",""
"747","","","","","","","",""
"748","","","","","","","",""
"749","","","","","","","",""
"750","","","","","","","",""
"751","","","","","","","",""
"752","","","","","","","",""
"753","","","","","","","",""
"754","","","","","","","",""
"755","","","","","","","",""
"756","","","","","","","",""
"757","","","","","","","",""
"758","","","","","","","",""
"759","","","","","","","",""
"760","","","","","","","",""
"761","","","","","","","",""
"762","","","","","","","",""
"763","","","","","","","",""
"764","","","","","","","",""
"765","","","","","","","",""
"766","","","","","","","",""
"767","","","","","","","",""
"768","","","","","","","",""
"769","","","","","","","",""
"770","","","","","","","",""
"771","","","","","","","",""
"772","","","","","","","",""
"773","","","","","","","",""
"774","","","","","","","",""
"775","","","","","","","",""
"776","","","","","","","",""
"777","","","","","","","",""
"778","","","","","","","",""
"779","","","","","","","",""
"780","","","","","","","",""
"781","","","","","","","",""
"782","","","","","","","",""
"783","","","","","","","",""
"784","","","","","","","",""
"785","","","","","","","",""
"786","","","","","","","",""
"787","","","","","","","",""
"788","","","","","","","",""
"789","","","","","","","",""
"790","","","","","","","",""
"791","","","","","","","",""
"792","","","","","","","",""
"793","","","","","","","",""
"794","","","","","","","",""
"795","","","","","","","",""
"796","","","","","","","",""
"797","","","","","","","",""
"798","","","","","","","",""
"799","","","","","","","",""
"800","","","","","","","",""
"801","","","","","","","",""
"802","","","","","","","",""
"803","","","","","","","",""
"804","","","","","","","",""
"805","","","","","","","",""
"806","","","","","","","",""
"807","","","","","","","",""
"808","","","","","","","",""
"809","","","","","","","",""
"810","","","","","","","",""
"811","","","","","","","",""
"812","","","","","","","",""
"813","","","","","","","",""
"814","","","","","","","",""
"815","","","","","","","",""
"816","","","","","","","",""
"817","","","","","","","",""
"818","","","","","","","",""
"819","","","","","","","",""
"820","","","","","","","",""
"821","","","","","","","",""
"822","","","","","","","",""
"823","","","","","","","",""
"824","","","","","","","",""
"825","","","","","","","",""
"826","","","","","","","",""
"827","","","","","","","",""
"828","","","","","","","",""
"829","","","","","","","",""
"830","","","","","","","",""
"831","","","","","","","",""
"832","","","","","","","",""
"833","","","","","","","",""
"834","","","","","","","",""
"835","","","","","","","",""
"836","","","","","","","",""
"837","","","","","","","",""
"838","","","","","","","",""
"839","","","","","","","",""
"840","","","","","","","",""
"841","","","","","","","",""
"842","","","","","","","",""
"843","","","","","","","",""
"844","","","","","","","",""
"845","","","","","","","",""
"846","","","","","","","",""
"847","","","","","","","",""
"848","","","","","","","",""
"849","","","","","","","",""
"850","","","","","","","",""
"851","","","","","","","",""
"852","","","","","","","",""
"853","","","","","","","",""
"854","","","","","","","",""
"855","","","","","","","",""
"856","","","","","","","",""
"857","","","","","","","",""
"858","","","","","","","",""
"859","","","","","","","",""
"860","","","","","","","",""
"861","","","","","","","",""
"862","","","","","","","",""
"863","","","","","","","",""
"864","","","","","","","",""
"865","","","","","","","",""
"866","","","","","","","",""
"867","","","","","","","",""
"868","","","","","","","",""
"869","","","","","","","",""
"870","","","","","","","",""
"871","","","","","","","",""
"872","","","","","","","",""
"873","","","","","","","",""
"874","","","","","","","",""
"875","","","","","","","",""
"876","","","","","","","",""
"877","","","","","","","",""
"878","","","","","","","",""
"879","","","","","","","",""
"880","","","","","","","",""
"881","","","","","","","",""
"882","","","","","","","",""
"883","","","","","","","",""
"884","","","","","","","",""
"885","","","","","","","",""
"886","","","","","","","",""
"887","","","","","","","",""
"888","","","","","","","",""
"889","","","","","","","",""
"890","","","","","","","",""
"891","","","","","","","",""
"892","","","","","","","",""
"893","","","","","","","",""
"894","","","","","","","",""
"895","","","","","","","",""
"896","","","","","","","",""
"897","","","","","","","",""
"898","","","","","","","",""
"899","","","","","","","",""
"900","","","","","","","",""
"901","","","","","","","",""
"902","","","","","","","",""
"903","","","","","","","",""
"904","","","","","","","",""
"905","","","","","","","",""
"906","","","","","","","",""
"907","","","","","","","",""
"908","","","","","","","",""
"909","","","","","","","",""
"910","","","","","","","",""
"911","","","","","","","",""
"912","","","","","","","",""
"913","","","","","","","",""
"914","","","","","","","",""
"915","","","","","","","",""
"916","","","","","","","",""
"917","","","","","","","",""
"918","","","","","","","",""
"919","","","","","","","",""
"920","","","","","","","",""
"921","","","","","","","",""
"922","","","","","","","",""
"923","","","","","","","",""
"924","","","","","","","",""
"925","","","","","","","",""
"926","","","","","","","",""
"927","","","","","","","",""
"928","","","","","","","",""
"929","","","","","","","",""
"930","","","","","","","",""
"931","","","","","","","",""
"932","","","","","","","",""
"933","","","","","","","",""
"934","","","","","","","",""
"935","","","","","","","",""
"936","","","","","","","",""
"937","","","","","","","",""
"938","","","","","","","",""
"939","","","","","","","",""
"940","","","","","","","",""
"941","","","","","","","",""
"942","","","","","","","",""
"943","","","","","","","",""
"944","","","","","","","",""
"945","","","","","","","",""
"946","","","","","","","",""
"947","","","","","","","",""
"948","","","","","","","",""
"949","","","","","","","",""
"950","","","","","","","",""
"951","","","","","","","",""
"952","","","","","","","",""
"953","","","","","","","",""
"954","","","","","","","",""
"955","","","","","","","",""
"956","","","","","","","",""
"957","","","","","","","",""
"958","","","","","","","",""
"959","","","","","","","",""
"960","","","","","","","",""
"961","","","","","","","",""
"962","","","","","","","",""
"963","","","","","","","",""
"964","","","","","","","",""
"965","","","","","","","",""
"966","","","","","","","",""
"967","","","","","","","",""
"968","","","","","","","",""
"969","","","","","","","",""
"970","","","","","","","",""
"971","","","","","","","",""
"972","","","","","","","",""
"973","","","","","","","",""
"974","","","","","","","",""
"975","","","","","","","",""
"976","","","","","","","",""
"977","","","","","","","",""
"978","","","","","","","",""
"979","","","","","","","",""
"980","","","","","","","",""
"981","","","","","","","",""
"982","","","","","","","",""
"983","","","","","","","",""
"984","","","","","","","",""
"985","","","","","","","",""
"986","","","","","","","",""
"987","","","","","","","",""
"988","","","","","","","",""
"989","","","","","","","",""
"990","","","","","","","",""
"991","","","","","","","",""
"992","","","","","","","",""
"993","","","","","","","",""
"994","","","","","","","",""
"995","","","","","","","",""
"996","","","","","","","",""
"997","","","","","","","",""
"998","","","","","","","",""
"999","","","","","","","",""
"1000","","","","","","","",""
"1001","","","","","","","",""
"1002","","","","","","","",""
"1003","","","","","","","",""
"1004","","","","","","","",""
"1005","","","","","","","",""
"1006","","","","","","","",""
"1007","","","","","","","",""
"1008","","","","","","","",""
"1009","","","","","","","",""
"1010","","","","","","","",""
"1011","","","","","","","",""
"1012","","","","","","","",""
"1013","","","","","","","",""
"1014","","","","","","","",""
"1015","","","","","","","",""
"1016","","","","","","","",""
"1017","","","","","","","",""
"1018","","","","","","","",""
"1019","","","","","","","",""
"1020","","","","","","","",""
"1021","","","","","","","",""
"1022","","","","","","","",""
"1023","","","","","","","",""
"1024","","","","","","","",""
"1025","","","","","","","",""
"1026","","","","","","","",""
"1027","","","","","","","",""
"1028","","","","","","","",""
"1029","","","","","","","",""
"1030","","","","","","","",""
"1031","","","","","","","",""
"1032","","","","","","","",""
"1033","","","","","","","",""
"1034","","","","","","","",""
"1035","","","","","","","",""
"1036","","","","","","","",""
"1037","","","","","","","",""
"1038","","","","","","","",""
"1039","","","","","","","",""
"1040","","","","","","","",""
"1041","","","","","","","",""
"1042","","","","","","","",""
"1043","","","","","","","",""
"1044","","","","","","","",""
"1045","","","","","","","",""
"1046","","","","","","","",""
"1047","","","","","","","",""
"1048","","","","","","","",""
"1049","","","","","","","",""
"1050","","","","","","","",""
"1051","","","","","","","",""
"1052","","","","","","","",""
"1053","","","","","","","",""
"1054","","","","","","","",""
"1055","","","","","","","",""
"1056","","","","","","","",""
"1057","","","","","","","",""
"1058","","","","","","","",""
"1059","","","","","","","",""
"1060","","","","","","","",""
"1061","","","","","","","",""
"1062","","","","","","","",""
"1063","","","","","","","",""
"1064","","","","","","","",""
"1065","","","","","","","",""
"1066","","","","","","","",""
"1067","","","","","","","",""
"1068","","","","","","","",""
"1069","","","","","","","",""
"1070","","","","","","","",""
"1071","","","","","","","",""
"1072","","","","","","","",""
"1073","","","","","","","",""
"1074","","","","","","","",""
"1075","","","","","","","",""
"1076","","","","","","","",""
"1077","","","","","","","",""
"1078","","","","","","","",""
"1079","","","","","","","",""
"1080","","","","","","","",""
"1081","","","","","","","",""
"1082","","","","","","","",""
"1083","","","","","","","",""
"1084","","","","","","","",""
"1085","","","","","","","",""
"1086","","","","","","","",""
"1087","","","","","","","",""
"1088","","","","","","","",""
"1089","","","","","","","",""
"1090","","","","","","","",""
"1091","","","","","","","",""
"1092","","","","","","","",""
"1093","","","","","","","",""
"1094","","","","","","","",""
"1095","","","","","","","",""
"1096","","","","","","","",""
"1097","","","","","","","",""
"1098","","","","","","","",""
"1099","","","","","","","",""
"1100","","","","","","","",""
"1101","","","","","","","",""
"1102","","","","","","","",""
"1103","","","","","","","",""
"1104","","","","","","","",""
"1105","","","","","","","",""
"1106","","","","","","","",""
"1107","","","","","","","",""
"1108","","","","","","","",""
"1109","","","","","","","",""
"1110","","","","","","","",""
"1111","","","","","","","",""
"1112","","","","","","","",""
"1113","","","","","","","",""
"1114","","","","","","","",""
"1115","","","","","","","",""
"1116","","","","","","","",""
"1117","","","","","","","",""
"1118","","","","","","","",""
"1119","","","","","","","",""
"1120","","","","","","","",""
"1121","","","","","","","",""
"1122","","","","","","","",""
"1123","","","","","","","",""
"1124","","","","","","","",""
"1125","","","","","","","",""
"1126","","","","","","","",""
"1127","","","","","","","",""
"1128","","","","","","","",""
"1129","","","","","","","",""
"1130","","","","","","","",""
"1131","","","","","","","",""
"1132","","","","","","","",""
"1133","","","","","","","",""
"1134","","","","","","","",""
"1135","","","","","","","",""
"1136","","","","","","","",""
"1137","","","","","","","",""
"1138","","","","","","","",""
"1139","","","","","","","",""
"1140","","","","","","","",""
"1141","","","","","","","",""
"1142","","","","","","","",""
"1143","","","","","","","",""
"1144","","","","","","","",""
"1145","","","","","","","",""
"1146","","","","","","","",""
"1147","","","","","","","",""
"1148","","","","","","","",""
"1149","","","","","","","",""
"1150","","","","","","","",""
"1151","","","","","","","",""
"1152","","","","","","","",""
"1153","","","","","","","",""
"1154","","","","","","","",""
"1155","","","","","","","",""
"1156","","","","","","","",""
"1157","","","","","","","",""
"1158","","","","","","","",""
"1159","","","","","","","",""
"1160","","","","","","","",""
"1161","","","","","","","",""
"1162","","","","","","","",""
"1163","","","","","","","",""
"1164","","","","","","","",""
"1165","","","","","","","",""
"1166","","","","","","","",""
"1167","","","","","","","",""
"1168","","","","","","","",""
"1169","","","","","","","",""
"1170","","","","","","","",""
"1171","","","","","","","",""
"1172","","","","","","","",""
"1173","","","","","","","",""
"1174","","","","","","","",""
"1175","","","","","","","",""
"1176","","","","","","","",""
"1177","","","","","","","",""
"1178","","","","","","","",""
"1179","","","","","","","",""
"1180","","","","","","","",""
"1181","","","","","","","",""
"1182","","","","","","","",""
"1183","","","","","","","",""
"1184","","","","","","","",""
"1185","","","","","","","",""
"1186","","","","","","","",""
"1187","","","","","","","",""
"1188","","","","","","","",""
"1189","","","","","","","",""
"1190","","","","","","","",""
"1191","","","","","","","",""
"1192","","","","","","","",""
"1193","","","","","","","",""
"1194","","","","","","","",""
"1195","","","","","","","",""
"1196","","","","","","","",""
"1197","","","","","","","",""
"1198","","","","","","","",""
"1199","","","","","","","",""
"1200","","","","","","","",""
"1201","","","","","","","",""
"1202","","","","","","","",""
"1203","","","","","","","",""
"1204","","","","","","","",""
"1205","","","","","","","",""
"1206","","","","","","","",""
"1207","","","","","","","",""
"1208","","","","","","","",""
"1209","","","","","","","",""
"1210","","","","","","","",""
"1211","","","","","","","",""
"1212","","","","","","","",""
"1213","","","","","","","",""
"1214","","","","","","","",""
"1215","","","","","","","",""
"1216","","","","","","","",""
"1217","","","","","","","",""
"1218","","","","","","","",""
"1219","","","","","","","",""
"1220","","","","","","","",""
"1221","","","","","","","",""
"1222","","","","","","","",""
"1223","","","","","","","",""
"1224","","","","","","","",""
"1225","","","","","","","",""
"1226","","","","","","","",""
"1227","","","","","","","",""
"1228","","","","","","","",""
"1229","","","","","","","",""
"1230","","","","","","","",""
"1231","","","","","","","",""
"1232","","","","","","","",""
"1233","","","","","","","",""
"1234","","","","","","","",""
"1235","","","","","","","",""
"1236","","","","","","","",""
"1237","","","","","","","",""
"1238","","","","","","","",""
"1239","","","","","","","",""
"1240","","","","","","","",""
"1241","","","","","","","",""
"1242","","","","","","","",""
"1243","","","","","","","",""
"1244","","","","","","","",""
"1245","","","","","","","",""
"1246","","","","","","","",""
"1247","","","","","","","",""
"1248","","","","","","","",""
"1249","","","","","","","",""
"1250","","","","","","","",""
"1251","","","","","","","",""
"1252","","","","","","","",""
"1253","","","","","","","",""
"1254","","","","","","","",""
"1255","","","","","","","",""
"1256","","","","","","","",""
"1257","","","","","","","",""
"1258","","","","","","","",""
"1259","","","","","","","",""
"1260","","","","","","","",""
"1261","","","","","","","",""
"1262","","","","","","","",""
"1263","","","","","","","",""
"1264","","","","","","","",""
"1265","","","","","","","",""
"1266","","","","","","","",""
"1267","","","","","","","",""
"1268","","","","","","","",""
"1269","","","","","","","",""
"1270","","","","","","","",""
"1271","","","","","","","",""
"1272","","","","","","","",""
"1273","","","","","","","",""
"1274","","","","","","","",""
"1275","","","","","","","",""
"1276","","","","","","","",""
"1277","","","","","","","",""
"1278","","","","","","","",""
"1279","","","","","","","",""
"1280","","","","","","","",""
"1281","","","","","","","",""
"1282","","","","","","","",""
"1283","","","","","","","",""
"1284","","","","","","","",""
"1285","","","","","","","",""
"1286","","","","","","","",""
"1287","","","","","","","",""
"1288","","","","","","","",""
"1289","","","","","","","",""
"1290","","","","","","","",""
"1291","","","","","","","",""
"1292","","","","","","","",""
"1293","","","","","","","",""
"1294","","","","","","","",""
"1295","","","","","","","",""
"1296","","","","","","","",""
"1297","","","","","","","",""
"1298","","","","","","","",""
"1299","","","","","","","",""
"1300","","","","","","","",""
"1301","","","","","","","",""
"1302","","","","","","","",""
"1303","","","","","","","",""
"1304","","","","","","","",""
"1305","","","","","","","",""
"1306","","","","","","","",""
"1307","","","","","","","",""
"1308","","","","","","","",""
"1309","","","","","","","",""
"1310","","","","","","","",""
"1311","","","","","","","",""
"1312","","","","","","","",""
"1313","","","","","","","",""
"1314","","","","","","","",""
"1315","","","","","","","",""
"1316","","","","","","","",""
"1317","","","","","","","",""
"1318","","","","","","","",""
"1319","","","","","","","",""
"1320","","","","","","","",""
"1321","","","","","","","",""
"1322","","","","","","","",""
"1323","","","","","","","",""
"1324","","","","","","","",""
"1325","","","","","","","",""
"1326","","","","","","","",""
"1327","","","","","","","",""
"1328","","","","","","","",""
"1329","","","","","","","",""
"1330","","","","","","","",""
"1331","","","","","","","",""
"1332","","","","","","","",""
"1333","","","","","","","",""
"1334","","","","","","","",""
"1335","","","","","","","",""
"1336","","","","","","","",""
"1337","","","","","","","",""
"1338","","","","","","","",""
"1339","","","","","","","",""
"1340","","","","","","","",""
"1341","","","","","","","",""
"1342","","","","","","","",""
"1343","","","","","","","",""
"1344","","","","","","","",""
"1345","","","","","","","",""
"1346","","","","","","","",""
"1347","","","","","","","",""
"1348","","","","","","","",""
"1349","","","","","","","",""
"1350","","","","","","","",""
"1351","","","","","","","",""
"1352","","","","","","","",""
"1353","","","","","","","",""
"1354","","","","","","","",""
"1355","","","","","","","",""
"1356","","","","","","","",""
"1357","","","","","","","",""
"1358","","","","","","","",""
"1359","","","","","","","",""
"1360","","","","","","","",""
"1361","","","","","","","",""
"1362","","","","","","","",""
"1363","","","","","","","",""
"1364","","","","","","","",""
"1365","","","","","","","",""
"1366","","","","","","","",""
"1367","","","","","","","",""
"1368","","","","","","","",""
"1369","","","","","","","",""
"1370","","","","","","","",""
"1371","","","","","","","",""
"1372","","","","","","","",""
"1373","","","","","","","",""
"1374","","","","","","","",""
"1375","","","","","","","",""
"1376","","","","","","","",""
"1377","","","","","","","",""
"1378","","","","","","","",""
"1379","","","","","","","",""
"1380","","","","","","","",""
"1381","","","","","","","",""
"1382","","","","","","","",""
"1383","","","","","","","",""
"1384","","","","","","","",""
"1385","","","","","","","",""
"1386","","","","","","","",""
"1387","","","","","","","",""
"1388","","","","","","","",""
"1389","","","","","","","",""
"1390","","","","","","","",""
"1391","","","","","","","",""
"1392","","","","","","","",""
"1393","","","","","","","",""
"1394","","","","","","","",""
"1395","","","","","","","",""
"1396","","","","","","","",""
"1397","","","","","","","",""
"1398","","","","","","","",""
"1399","","","","","","","",""
"1400","","","","","","","",""
"1401","","","","","","","",""
"1402","","","","","","","",""
"1403","","","","","","","",""
"1404","","","","","","","",""
"1405","","","","","","","",""
"1406","","","","","","","",""
"1407","","","","","","","",""
"1408","","","","","","","",""
"1409","","","","","","","",""
"1410","","","","","","","",""
"1411","","","","","","","",""
"1412","","","","","","","",""
"1413","","","","","","","",""
"1414","","","","","","","",""
"1415","","","","","","","",""
"1416","","","","","","","",""
"1417","","","","","","","",""
"1418","","","","","","","",""
"1419","","","","","","","",""
"1420","","","","","","","",""
"1421","","","","","","","",""
"1422","","","","","","","",""
"1423","","","","","","","",""
"1424","","","","","","","",""
"1425","","","","","","","",""
"1426","","","","","","","",""
"1427","","","","","","","",""
"1428","","","","","","","",""
"1429","","","","","","","",""
"1430","","","","","","","",""
"1431","","","","","","","",""
"1432","","","","","","","",""
"1433","","","","","","","",""
"1434","","","","","","","",""
"1435","","","","","","","",""
"1436","","","","","","","",""
"1437","","","","","","","",""
"1438","","","","","","","",""
"1439","","","","","","","",""
"1440","","","","","","","",""
"1441","","","","","","","",""
"1442","","","","","","","",""
"1443","","","","","","","",""
"1444","","","","","","","",""
"1445","","","","","","","",""
"1446","","","","","","","",""
"1447","","","","","","","",""
"1448","","","","","","","",""
"1449","","","","","","","",""
"1450","","","","","","","",""
"1451","","","","","","","",""
"1452","","","","","","","",""
"1453","","","","","","","",""
"1454","","","","","","","",""
"1455","","","","","","","",""
"1456","","","","","","","",""
"1457","","","","","","","",""
"1458","","","","","","","",""
"1459","","","","","","","",""
"1460","","","","","","","",""
"1461","","","","","","","",""
"1462","","","","","","","",""
"1463","","","","","","","",""
"1464","","","","","","","",""
"1465","","","","","","","",""
"1466","","","","","","","",""
"1467","","","","","","","",""
"1468","","","","","","","",""
"1469","","","","","","","",""
"1470","","","","","","","",""
"1471","","","","","","","",""
"1472","","","","","","","",""
"1473","","","","","","","",""
"1474","","","","","","","",""
"1475","","","","","","","",""
"1476","","","","","","","",""
"1477","","","","","","","",""
"1478","","","","","","","",""
"1479","","","","","","","",""
"1480","","","","","","","",""
"1481","","","","","","","",""
"1482","","","","","","","",""
"1483","","","","","","","",""
"1484","","","","","","","",""
"1485","","","","","","","",""
"1486","","","","","","","",""
"1487","","","","","","","",""
"1488","","","","","","","",""
"1489","","","","","","","",""
"1490","","","","","","","",""
"1491","","","","","","","",""
"1492","","","","","","","",""
"1493","","","","","","","",""
"1494","","","","","","","",""
"1495","","","","","","","",""
"1496","","","","","","","",""
"1497","","","","","","","",""
"1498","","","","","","","",""
"1499","","","","","","","",""
"1500","","","","","","","",""
"1501","","","","","","","",""
"1502","","","","","","","",""
"1503","","","","","","","",""
"1504","","","","","","","",""
"1505","","","","","","","",""
"1506","","","","","","","",""
"1507","","","","","","","",""
"1508","","","","","","","",""
"1509","","","","","","","",""
"1510","","","","","","","",""
"1511","","","","","","","",""
"1512","","","","","","","",""
"1513","","","","","","","",""
"1514","","","","","","","",""
"1515","","","","","","","",""
"1516","","","","","","","",""
"1517","","","","","","","",""
"1518","","","","","","","",""
"1519","","","","","","","",""
"1520","","","","","","","",""
"1521","","","","","","","",""
"1522","","","","","","","",""
"1523","","","","","","","",""
"1524","","","","","","","",""
"1525","","","","","","","",""
"1526","","","","","","","",""
"1527","","","","","","","",""
"1528","","","","","","","",""
"1529","","","","","","","",""
"1530","","","","","","","",""
"1531","","","","","","","",""
"1532","","","","","","","",""
"1533","","","","","","","",""
"1534","","","","","","","",""
"1535","","","","","","","",""
"1536","","","","","","","",""
"1537","","","","","","","",""
"1538","","","","","","","",""
"1539","","","","","","","",""
"1540","","","","","","","",""
"1541","","","","","","","",""
"1542","","","","","","","",""
"1543","","","","","","","",""
"1544","","","","","","","",""
"1545","","","","","","","",""
"1546","","","","","","","",""
"1547","","","","","","","",""
"1548","","","","","","","",""
"1549","","","","","","","",""
"1550","","","","","","","",""
"1551","","","","","","","",""
"1552","","","","","","","",""
"1553","","","","","","","",""
"1554","","","","","","","",""
"1555","","","","","","","",""
"1556","","","","","","","",""
"1557","","","","","","","",""
"1558","","","","","","","",""
"1559","","","","","","","",""
"1560","","","","","","","",""
"1561","","","","","","","",""
"1562","","","","","","","",""
"1563","","","","","","","",""
"1564","","","","","","","",""
"1565","","","","","","","",""
"1566","","","","","","","",""
"1567","","","","","","","",""
"1568","","","","","","","",""
"1569","","","","","","","",""
"1570","","","","","","","",""
"1571","","","","","","","",""
"1572","","","","","","","",""
"1573","","","","","","","",""
"1574","","","","","","","",""
"1575","","","","","","","",""
"1576","","","","","","","",""
"1577","","","","","","","",""
"1578","","","","","","","",""
"1579","","","","","","","",""
"1580","","","","","","","",""
"1581","","","","","","","",""
"1582","","","","","","","",""
"1583","","","","","","","",""
"1584","","","","","","","",""
"1585","","","","","","","",""
"1586","","","","","","","",""
"1587","","","","","","","",""
"1588","","","","","","","",""
"1589","","","","","","","",""
"1590","","","","","","","",""
"1591","","","","","","","",""
"1592","","","","","","","",""
"1593","","","","","","","",""
"1594","","","","","","","",""
"1595","","","","","","","",""
"1596","","","","","","","",""
"1597","","","","","","","",""
"1598","","","","","","","",""
"1599","","","","","","","",""
"1600","","","","","","","",""
"1601","","","","","","","",""
"1602","","","","","","","",""
"1603","","","","","","","",""
"1604","","","","","","","",""
"1605","","","","","","","",""
"1606","","","","","","","",""
"1607","","","","","","","",""
"1608","","","","","","","",""
"1609","","","","","","","",""
"1610","","","","","","","",""
"1611","","","","","","","",""
"1612","","","","","","","",""
"1613","","","","","","","",""
"1614","","","","","","","",""
"1615","","","","","","","",""
"1616","","","","","","","",""
"1617","","","","","","","",""
"1618","","","","","","","",""
"1619","","","","","","","",""
"1620","","","","","","","",""
"1621","","","","","","","",""
"1622","","","","","","","",""
"1623","","","","","","","",""
"1624","","","","","","","",""
"1625","","","","","","","",""
"1626","","","","","","","",""
"1627","","","","","","","",""
"1628","","","","","","","",""
"1629","","","","","","","",""
"1630","","","","","","","",""
"1631","","","","","","","",""
"1632","","","","","","","",""
"1633","","","","","","","",""
"1634","","","","","","","",""
"1635","","","","","","","",""
"1636","","","","","","","",""
"1637","","","","","","","",""
"1638","","","","","","","",""
"1639","","","","","","","",""
"1640","","","","","","","",""
"1641","","","","","","","",""
"1642","","","","","","","",""
"1643","","","","","","","",""
"1644","","","","","","","",""
"1645","","","","","","","",""
"1646","","","","","","","",""
"1647","","","","","","","",""
"1648","","","","","","","",""
"1649","","","","","","","",""
"1650","","","","","","","",""
"1651","","","","","","","",""
"1652","","","","","","","",""
"1653","","","","","","","",""
"1654","","","","","","","",""
"1655","","","","","","","",""
"1656","","","","","","","",""
"1657","","","","","","","",""
"1658","","","","","","","",""
"1659","","","","","","","",""
"1660","","","","","","","",""
"1661","","","","","","","",""
"1662","","","","","","","",""
"1663","","","","","","","",""
"1664","","","","","","","",""
"1665","","","","","","","",""
"1666","","","","","","","",""
"1667","","","","","","","",""
"1668","","","","","","","",""
"1669","","","","","","","",""
"1670","","","","","","","",""
"1671","","","","","","","",""
"1672","","","","","","","",""
"1673","","","","","","","",""
"1674","","","","","","","",""
"1675","","","","","","","",""
"1676","","","","","","","",""
"1677","","","","","","","",""
"1678","","","","","","","",""
"1679","","","","","","","",""
"1680","","","","","","","",""
"1681","","","","","","","",""
"1682","","","","","","","",""
"1683","","","","","","","",""
"1684","","","","","","","",""
"1685","","","","","","","",""
"1686","","","","","","","",""
"1687","","","","","","","",""
"1688","","","","","","","",""
"1689","","","","","","","",""
"1690","","","","","","","",""
"1691","","","","","","","",""
"1692","","","","","","","",""
"1693","","","","","","","",""
"1694","","","","","","","",""
"1695","","","","","","","",""
"1696","","","","","","","",""
"1697","","","","","","","",""
"1698","","","","","","","",""
"1699","","","","","","","",""
"1700","","","","","","","",""
"1701","","","","","","","",""
"1702","","","","","","","",""
"1703","","","","","","","",""
"1704","","","","","","","",""
"1705","","","","","","","",""
"1706","","","","","","","",""
"1707","","","","","","","",""
"1708","","","","","","","",""
"1709","","","","","","","",""
"1710","","","","","","","",""
"1711","","","","","","","",""
"1712","","","","","","","",""
"1713","","","","","","","",""
"1714","","","","","","","",""
"1715","","","","","","","",""
"1716","","","","","","","",""
"1717","","","","","","","",""
"1718","","","","","","","",""
"1719","","","","","","","",""
"1720","","","","","","","",""
"1721","","","","","","","",""
"1722","","","","","","","",""
"1723","","","","","","","",""
"1724","","","","","","","",""
"1725","","","","","","","",""
"1726","","","","","","","",""
"1727","","","","","","","",""
"1728","","","","","","","",""
"1729","","","","","","","",""
"1730","","","","","","","",""
"1731","","","","","","","",""
"1732","","","","","","","",""
"1733","","","","","","","",""
"1734","","","","","","","",""
"1735","","","","","","","",""
"1736","","","","","","","",""
"1737","","","","","","","",""
"1738","","","","","","","",""
"1739","","","","","","","",""
"1740","","","","","","","",""
"1741","","","","","","","",""
"1742","","","","","","","",""
"1743","","","","","","","",""
"1744","","","","","","","",""
"1745","","","","","","","",""
"1746","","","","","","","",""
"1747","","","","","","","",""
"1748","","","","","","","",""
"1749","","","","","","","",""
"1750","","","","","","","",""
"1751","","","","","","","",""
"1752","","","","","","","",""
"1753","","","","","","","",""
"1754","","","","","","","",""
"1755","","","","","","","",""
"1756","","","","","","","",""
"1757","","","","","","","",""
"1758","","","","","","","",""
"1759","","","","","","","",""
"1760","","","","","","","",""
"1761","","","","","","","",""
"1762","","","","","","","",""
"1763","","","","","","","",""
"1764","","","","","","","",""
"1765","","","","","","","",""
"1766","","","","","","","",""
"1767","","","","","","","",""
"1768","","","","","","","",""
"1769","","","","","","","",""
"1770","","","","","","","",""
"1771","","","","","","","",""
"1772","","","","","","","",""
"1773","","","","","","","",""
"1774","","","","","","","",""
"1775","","","","","","","",""
"1776","","","","","","","",""
"1777","","","","","","","",""
"1778","","","","","","","",""
"1779","","","","","","","",""
"1780","","","","","","","",""
"1781","","","","","","","",""
"1782","","","","","","","",""
"1783","","","","","","","",""
"1784","","","","","","","",""
"1785","","","","","","","",""
"1786","","","","","","","",""
"1787","","","","","","","",""
"1788","","","","","","","",""
"1789","","","","","","","",""
"1790","","","","","","","",""
"1791","","","","","","","",""
"1792","","","","","","","",""
"1793","","","","","","","",""
"1794","","","","","","","",""
"1795","","","","","","","",""
"1796","","","","","","","",""
"1797","","","","","","","",""
"1798","","","","","","","",""
"1799","","","","","","","",""
"1800","","","","","","","",""
"1801","","","","","","","",""
"1802","","","","","","","",""
"1803","","","","","","","",""
"1804","","","","","","","",""
"1805","","","","","","","",""
"1806","","","","","","","",""
"1807","","","","","","","",""
"1808","","","","","","","",""
"1809","","","","","","","",""
"1810","","","","","","","",""
"1811","","","","","","","",""
"1812","","","","","","","",""
"1813","","","","","","","",""
"1814","","","","","","","",""
"1815","","","","","","","",""
"1816","","","","","","","",""
"1817","","","","","","","",""
"1818","","","","","","","",""
"1819","","","","","","","",""
"1820","","","","","","","",""
"1821","","","","","","","",""
"1822","","","","","","","",""
"1823","","","","","","","",""
"1824","","","","","","","",""
"1825","","","","","","","",""
"1826","","","","","","","",""
"1827","","","","","","","",""
"1828","","","","","","","",""
"1829","","","","","","","",""
"1830","","","","","","","",""
"1831","","","","","","","",""
"1832","","","","","","","",""
"1833","","","","","","","",""
"1834","","","","","","","",""
"1835","","","","","","","",""
"1836","","","","","","","",""
"1837","","","","","","","",""
"1838","","","","","","","",""
"1839","","","","","","","",""
"1840","","","","","","","",""
"1841","","","","","","","",""
"1842","","","","","","","",""
"1843","","","","","","","",""
"1844","","","","","","","",""
"1845","","","","","","","",""
"1846","","","","","","","",""
"1847","","","","","","","",""
"1848","","","","","","","",""
"1849","","","","","","","",""
"1850","","","","","","","",""
"1851","","","","","","","",""
"1852","","","","","","","",""
"1853","","","","","","","",""
"1854","","","","","","","",""
"1855","","","","","","","",""
"1856","","","","","","","",""
"1857","","","","","","","",""
"1858","","","","","","","",""
"1859","","","","","","","",""
"1860","","","","","","","",""
"1861","","","","","","","",""
"1862","","","","","","","",""
"1863","","","","","","","",""
"1864","","","","","","","",""
"1865","","","","","","","",""
"1866","","","","","","","",""
"1867","","","","","","","",""
"1868","","","","","","","",""
"1869","","","","","","","",""
"1870","","","","","","","",""
"1871","","","","","","","",""
"1872","","","","","","","",""
"1873","","","","","","","",""
"1874","","","","","","","",""
"1875","","","","","","","",""
"1876","","","","","","","",""
"1877","","","","","","","",""
"1878","","","","","","","",""
"1879","","","","","","","",""
"1880","","","","","","","",""
"1881","","","","","","","",""
"1882","","","","","","","",""
"1883","","","","","","","",""
"1884","","","","","","","",""
"1885","","","","","","","",""
"1886","","","","","","","",""
"1887","","","","","","","",""
"1888","","","","","","","",""
"1889","","","","","","","",""
"1890","","","","","","","",""
"1891","","","","","","","",""
"1892","","","","","","","",""
"1893","","","","","","","",""
"1894","","","","","","","",""
"1895","","","","","","","",""
"1896","","","","","","","",""
"1897","","","","","","","",""
"1898","","","","","","","",""
"1899","","","","","","","",""
"1900","","","","","","","",""
"1901","","","","","","","",""
"1902","","","","","","","",""
"1903","","","","","","","",""
"1904","","","","","","","",""
"1905","","","","","","","",""
"1906","","","","","","","",""
"1907","","","","","","","",""
"1908","","","","","","","",""
"1909","","","","","","","",""
"1910","","","","","","","",""
"1911","","","","","","","",""
"1912","","","","","","","",""
"1913","","","","","","","",""
"1914","","","","","","","",""
"1915","","","","","","","",""
"1916","","","","","","","",""
"1917","","","","","","","",""
"1918","","","","","","","",""
"1919","","","","","","","",""
"1920","","","","","","","",""
"1921","","","","","","","",""
"1922","","","","","","","",""
"1923","","","","","","","",""
"1924","","","","","","","",""
"1925","","","","","","","",""
"1926","","","","","","","",""
"1927","","","","","","","",""
"1928","","","","","","","",""
"1929","","","","","","","",""
"1930","","","","","","","",""
"1931","","","","","","","",""
"1932","","","","","","","",""
"1933","","","","","","","",""
"1934","","","","","","","",""
"1935","","","","","","","",""
"1936","","","","","","","",""
"1937","","","","","","","",""
"1938","","","","","","","",""
"1939","","","","","","","",""
"1940","","","","","","","",""
"1941","","","","","","","",""
"1942","","","","","","","",""
"1943","","","","","","","",""
"1944","","","","","","","",""
"1945","","","","","","","",""
"1946","","","","","","","",""
"1947","","","","","","","",""
"1948","","","","","","","",""
"1949","","","","","","","",""
"1950","","","","","","","",""
"1951","","","","","","","",""
"1952","","","","","","","",""
"1953","","","","","","","",""
"1954","","","","","","","",""
"1955","","","","","","","",""
"1956","","","","","","","",""
"1957","","","","","","","",""
"1958","","","","","","","",""
"1959","","","","","","","",""
"1960","","","","","","","",""
"1961","","","","","","","",""
"1962","","","","","","","",""
"1963","","","","","","","",""
"1964","","","","","","","",""
"1965","","","","","","","",""
"1966","","","","","","","",""
"1967","","","","","","","",""
"1968","","","","","","","",""
"1969","","","","","","","",""
"1970","","","","","","","",""
"1971","","","","","","","",""
"1972","","","","","","","",""
"1973","","","","","","","",""
"1974","","","","","","","",""
"1975","","","","","","","",""
"1976","","","","","","","",""
"1977","","","","","","","",""
"1978","","","","","","","",""
"1979","","","","","","","",""
"1980","","","","","","","",""
"1981","","","","","","","",""
"1982","","","","","","","",""
"1983","","","","","","","",""
"1984","","","","","","","",""
"1985","","","","","","","",""
"1986","","","","","","","",""
"1987","","","","","","","",""
"1988","","","","","","","",""
"1989","","","","","","","",""
"1990","","","","","","","",""
"1991","","","","","","","",""
"1992","","","","","","","",""
"1993","","","","","","","",""
"1994","","","","","","","",""
"1995","","","","","","","",""
"1996","","","","","","","",""
"1997","","","","","","","",""
"1998","","","","","","","",""
"1999","","","","","","","",""
"2000","","","","","","","",""
"2001","","","","","","","",""
"2002","","","","","","","",""
"2003","","","","","","","",""
"2004","","","","","","","",""
"2005","","","","","","","",""
"2006","","","","","","","",""
"2007","","","","","","","",""
"2008","","","","","","","",""
"2009","","","","","","","",""
"2010","","","","","","","",""
"2011","","","","","","","",""
"2012","","","","","","","",""
"2013","","","","","","","",""
"2014","","","","","","","",""
"2015","","","","","","","",""
"2016","","","","","","","",""
"2017","","","","","","","",""
"2018","","","","","","","",""
"2019","","","","","","","",""
"2020","","","","","","","",""
"2021","","","","","","","",""
"2022","","","","","","","",""
"2023","","","","","","","",""
"2024","","","","","","","",""
"2025","","","","","","","",""
"2026","","","","","","","",""
"2027","","","","","","","",""
"2028","","","","","","","",""
"2029","","","","","","","",""
"2030","","","","","","","",""
"2031","","","","","","","",""
"2032","","","","","","","",""
"2033","","","","","","","",""
"2034","","","","","","","",""
"2035","","","","","","","",""
"2036","","","","","","","",""
"2037","","","","","","","",""
"2038","","","","","","","",""
"2039","","","","","","","",""
"2040","","","","","","","",""
"2041","","","","","","","",""
"2042","","","","","","","",""
"2043","","","","","","","",""
"2044","","","","","","","",""
"2045","","","","","","","",""
"2046","","","","","","","",""
"2047","","","","","","","",""
"2048","","","","","","","",""
"2049","","","","","","","",""
"2050","","","","","","","",""
"2051","","","","","","","",""
"2052","","","","","","","",""
"2053","","","","","","","",""
"2054","","","","","","","",""
"2055","","","","","","","",""
"2056","","","","","","","",""
"2057","","","","","","","",""
"2058","","","","","","","",""
"2059","","","","","","","",""
"2060","","","","","","","",""
"2061","","","","","","","",""
"2062","","","","","","","",""
"2063","","","","","","","",""
"2064","","","","","","","",""
"2065","","","","","","","",""
"2066","","","","","","","",""
"2067","","","","","","","",""
"2068","","","","","","","",""
"2069","","","","","","","",""
"2070","","","","","","","",""
"2071","","","","","","","",""
"2072","","","","","","","",""
"2073","","","","","","","",""
"2074","","","","","","","",""
"2075","","","","","","","",""
"2076","","","","","","","",""
"2077","","","","","","","",""
"2078","","","","","","","",""
"2079","","","","","","","",""
"2080","","","","","","","",""
"2081","","","","","","","",""
"2082","","","","","","","",""
"2083","","","","","","","",""
"2084","","","","","","","",""
"2085","","","","","","","",""
"2086","","","","","","","",""
"2087","","","","","","","",""
"2088","","","","","","","",""
"2089","","","","","","","",""
"2090","","","","","","","",""
"2091","","","","","","","",""
"2092","","","","","","","",""
"2093","","","","","","","",""
"2094","","","","","","","",""
"2095","","","","","","","",""
"2096","","","","","","","",""
"2097","","","","","","","",""
"2098","","","","","","","",""
"2099","","","","","","","",""
"2100","","","","","","","",""
"2101","","","","","","","",""
"2102","","","","","","","",""
"2103","","","","","","","",""
"2104","","","","","","","",""
"2105","","","","","","","",""
"2106","","","","","","","",""
"2107","","","","","","","",""
"2108","","","","","","","",""
"2109","","","","","","","",""
"2110","","","","","","","",""
"2111","","","","","","","",""
"2112","","","","","","","",""
"2113","","","","","","","",""
"2114","","","","","","","",""
"2115","","","","","","","",""
"2116","","","","","","","",""
"2117","","","","","","","",""
"2118","","","","","","","",""
"2119","","","","","","","",""
"2120","","","","","","","",""
"2121","","","","","","","",""
"2122","","","","","","","",""
"2123","","","","","","","",""
"2124","","","","","","","",""
"2125","","","","","","","",""
"2126","","","","","","","",""
"2127","","","","","","","",""
"2128","","","","","","","",""
"2129","","","","","","","",""
"2130","","","","","","","",""
"2131","","","","","","","",""
"2132","","","","","","","",""
"2133","","","","","","","",""
"2134","","","","","","","",""
"2135","","","","","","","",""
"2136","","","","","","","",""
"2137","","","","","","","",""
"2138","","","","","","","",""
"2139","","","","","","","",""
"2140","","","","","","","",""
"2141","","","","","","","",""
"2142","","","","","","","",""
"2143","","","","","","","",""
"2144","","","","","","","",""
"2145","","","","","","","",""
"2146","","","","","","","",""
"2147","","","","","","","",""
"2148","","","","","","","",""
"2149","","","","","","","",""
"2150","","","","","","","",""
"2151","","","","","","","",""
"2152","","","","","","","",""
"2153","","","","","","","",""
"2154","","","","","","","",""
"2155","","","","","","","",""
"2156","","","","","","","",""
"2157","","","","","","","",""
"2158","","","","","","","",""
"2159","","","","","","","",""
"2160","","","","","","","",""
"2161","","","","","","","",""
"2162","","","","","","","",""
"2163","","","","","","","",""
"2164","","","","","","","",""
"2165","","","","","","","",""
"2166","","","","","","","",""
"2167","","","","","","","",""
"2168","","","","","","","",""
"2169","","","","","","","",""
"2170","","","","","","","",""
"2171","","","","","","","",""
"2172","","","","","","","",""
"2173","","","","","","","",""
"2174","","","","","","","",""
"2175","","","","","","","",""
"2176","","","","","","","",""
"2177","","","","","","","",""
"2178","","","","","","","",""
"2179","","","","","","","",""
"2180","","","","","","","",""
"2181","","","","","","","",""
"2182","","","","","","","",""
"2183","","","","","","","",""
"2184","","","","","","","",""
"2185","","","","","","","",""
"2186","","","","","","","",""
"2187","","","","","","","",""
"2188","","","","","","","",""
"2189","","","","","","","",""
"2190","","","","","","","",""
"2191","","","","","","","",""
"2192","","","","","","","",""
"2193","","","","","","","",""
"2194","","","","","","","",""
"2195","","","","","","","",""
"2196","","","","","","","",""
"2197","","","","","","","",""
"2198","","","","","","","",""
"2199","","","","","","","",""
"2200","","","","","","","",""
"2201","","","","","","","",""
"2202","","","","","","","",""
"2203","","","","","","","",""
"2204","","","","","","","",""
"2205","","","","","","","",""
"2206","","","","","","","",""
"2207","","","","","","","",""
"2208","","","","","","","",""
"2209","","","","","","","",""
"2210","","","","","","","",""
"2211","","","","","","","",""
"2212","","","","","","","",""
"2213","","","","","","","",""
"2214","","","","","","","",""
"2215","","","","","","","",""
"2216","","","","","","","",""
"2217","","","","","","","",""
"2218","","","","","","","",""
"2219","","","","","","","",""
"2220","","","","","","","",""
"2221","","","","","","","",""
"2222","","","","","","","",""
"2223","","","","","","","",""
"2224","","","","","","","",""
"2225","","","","","","","",""
"2226","","","","","","","",""
"2227","","","","","","","",""
"2228","","","","","","","",""
"2229","","","","","","","",""
"2230","","","","","","","",""
"2231","","","","","","","",""
"2232","","","","","","","",""
"2233","","","","","","","",""
"2234","","","","","","","",""
"2235","","","","","","","",""
"2236","","","","","","","",""
"2237","","","","","","","",""
"2238","","","","","","","",""
"2239","","","","","","","",""
"2240","","","","","","","",""
"2241","","","","","","","",""
"2242","","","","","","","",""
"2243","","","","","","","",""
"2244","","","","","","","",""
"2245","","","","","","","",""
"2246","","","","","","","",""
"2247","","","","","","","",""
"2248","","","","","","","",""
"2249","","","","","","","",""
"2250","","","","","","","",""
"2251","","","","","","","",""
"2252","","","","","","","",""
"2253","","","","","","","",""
"2254","","","","","","","",""
"2255","","","","","","","",""
"2256","","","","","","","",""
"2257","","","","","","","",""
"2258","","","","","","","",""
"2259","","","","","","","",""
"2260","","","","","","","",""
"2261","","","","","","","",""
"2262","","","","","","","",""
"2263","","","","","","","",""
"2264","","","","","","","",""
"2265","","","","","","","",""
"2266","","","","","","","",""
"2267","","","","","","","",""
"2268","","","","","","","",""
"2269","","","","","","","",""
"2270","","","","","","","",""
"2271","","","","","","","",""
"2272","","","","","","","",""
"2273","","","","","","","",""
"2274","","","","","","","",""
"2275","","","","","","","",""
"2276","","","","","","","",""
"2277","","","","","","","",""
"2278","","","","","","","",""
"2279","","","","","","","",""
"2280","","","","","","","",""
"2281","","","","","","","",""
"2282","","","","","","","",""
"2283","","","","","","","",""
"2284","","","","","","","",""
"2285","","","","","","","",""
"2286","","","","","","","",""
"2287","","","","","","","",""
"2288","","","","","","","",""
"2289","","","","","","","",""
"2290","","","","","","","",""
"2291","","","","","","","",""
"2292","","","","","","","",""
"2293","","","","","","","",""
"2294","","","","","","","",""
"2295","","","","","","","",""
"2296","","","","","","","",""
"2297","","","","","","","",""
"2298","","","","","","","",""
"2299","","","","","","","",""
"2300","","","","","","","",""
"2301","","","","","","","",""
"2302","","","","","","","",""
"2303","","","","","","","",""
"2304","","","","","","","",""
"2305","","","","","","","",""
"2306","","","","","","","",""
"2307","","","","","","","",""
"2308","","","","","","","",""
"2309","","","","","","","",""
"2310","","","","","","","",""
"2311","","","","","","","",""
"2312","","","","","","","",""
"2313","","","","","","","",""
"2314","","","","","","","",""
"2315","","","","","","","",""
"2316","","","","","","","",""
"2317","","","","","","","",""
"2318","","","","","","","",""
"2319","","","","","","","",""
"2320","","","","","","","",""
"2321","","","","","","","",""
"2322","","","","","","","",""
"2323","","","","","","","",""
"2324","","","","","","","",""
"2325","","","","","","","",""
"2326","","","","","","","",""
"2327","","","","","","","",""
"2328","","","","","","","",""
"2329","","","","","","","",""
"2330","","","","","","","",""
"2331","","","","","","","",""
"2332","","","","","","","",""
"2333","","","","","","","",""
"2334","","","","","","","",""
"2335","","","","","","","",""
"2336","","","","","","","",""
"2337","","","","","","","",""
"2338","","","","","","","",""
"2339","","","","","","","",""
"2340","","","","","","","",""
"2341","","","","","","","",""
"2342","","","","","","","",""
"2343","","","","","","","",""
"2344","","","","","","","",""
"2345","","","","","","","",""
"2346","","","","","","","",""
"2347","","","","","","","",""
"2348","","","","","","","",""
"2349","","","","","","","",""
"2350","","","","","","","",""
"2351","","","","","","","",""
"2352","","","","","","","",""
"2353","","","","","","","",""
"2354","","","","","","","",""
"2355","","","","","","","",""
"2356","","","","","","","",""
"2357","","","","","","","",""
"2358","","","","","","","",""
"2359","","","","","","","",""
"2360","","","","","","","",""
"2361","","","","","","","",""
"2362","","","","","","","",""
"2363","","","","","","","",""
"2364","","","","","","","",""
"2365","","","","","","","",""
"2366","","","","","","","",""
"2367","","","","","","","",""
"2368","","","","","","","",""
"2369","","","","","","","",""
"2370","","","","","","","",""
"2371","","","","","","","",""
"2372","","","","","","","",""
"2373","","","","","","","",""
"2374","","","","","","","",""
"2375","","","","","","","",""
"2376","","","","","","","",""
"2377","","","","","","","",""
"2378","","","","","","","",""
"2379","","","","","","","",""
"2380","","","","","","","",""
"2381","","","","","","","",""
"2382","","","","","","","",""
"2383","","","","","","","",""
"2384","","","","","","","",""
"2385","","","","","","","",""
"2386","","","","","","","",""
"2387","","","","","","","",""
"2388","","","","","","","",""
"2389","","","","","","","",""
"2390","","","","","","","",""
"2391","","","","","","","",""
"2392","","","","","","","",""
"2393","","","","","","","",""
"2394","","","","","","","",""
"2395","","","","","","","",""
"2396","","","","","","","",""
"2397","","","","","","","",""
"2398","","","","","","","",""
"2399","","","","","","","",""
"2400","","","","","","","",""
"2401","","","","","","","",""
"2402","","","","","","","",""
"2403","","","","","","","",""
"2404","","","","","","","",""
"2405","","","","","","","",""
"2406","","","","","","","",""
"2407","","","","","","","",""
"2408","","","","","","","",""
"2409","","","","","","","",""
"2410","","","","","","","",""
"2411","","","","","","","",""
"2412","","","","","","","",""
"2413","","","","","","","",""
"2414","","","","","","","",""
"2415","","","","","","","",""
"2416","","","","","","","",""
"2417","","","","","","","",""
"2418","","","","","","","",""
"2419","","","","","","","",""
"2420","","","","","","","",""
"2421","","","","","","","",""
"2422","","","","","","","",""
"2423","","","","","","","",""
"2424","","","","","","","",""
"2425","","","","","","","",""
"2426","","","","","","","",""
"2427","","","","","","","",""
"2428","","","","","","","",""
"2429","","","","","","","",""
"2430","","","","","","","",""
"2431","","","","","","","",""
"2432","","","","","","","",""
"2433","","","","","","","",""
"2434","","","","","","","",""
"2435","","","","","","","",""
"2436","","","","","","","",""
"2437","","","","","","","",""
"2438","","","","","","","",""
"2439","","","","","","","",""
"2440","","","","","","","",""
"2441","","","","","","","",""
"2442","","","","","","","",""
"2443","","","","","","","",""
"2444","","","","","","","",""
"2445","","","","","","","",""
"2446","","","","","","","",""
"2447","","","","","","","",""
"2448","","","","","","","",""
"2449","","","","","","","",""
"2450","","","","","","","",""
"2451","","","","","","","",""
"2452","","","","","","","",""
"2453","","","","","","","",""
"2454","","","","","","","",""
"2455","","","","","","","",""
"2456","","","","","","","",""
"2457","","","","","","","",""
"2458","","","","","","","",""
"2459","","","","","","","",""
"2460","","","","","","","",""
"2461","","","","","","","",""
"2462","","","","","","","",""
"2463","","","","","","","",""
"2464","","","","","","","",""
"2465","","","","","","","",""
"2466","","","","","","","",""
"2467","","","","","","","",""
"2468","","","","","","","",""
"2469","","","","","","","",""
"2470","","","","","","","",""
"2471","","","","","","","",""
"2472","","","","","","","",""
"2473","","","","","","","",""
"2474","","","","","","","",""
"2475","","","","","","","",""
"2476","","","","","","","",""
"2477","","","","","","","",""
"2478","","","","","","","",""
"2479","","","","","","","",""
"2480","","","","","","","",""
"2481","","","","","","","",""
"2482","","","","","","","",""
"2483","","","","","","","",""
"2484","","","","","","","",""
"2485","","","","","","","",""
"2486","","","","","","","",""
"2487","","","","","","","",""
"2488","","","","","","","",""
"2489","","","","","","","",""
"2490","","","","","","","",""
"2491","","","","","","","",""
"2492","","","","","","","",""
"2493","","","","","","","",""
"2494","","","","","","","",""
"2495","","","","","","","",""
"2496","","","","","","","",""
"2497","","","","","","","",""
"2498","","","","","","","",""
"2499","","","","","","","",""
"2500","","","","","","","",""
"2501","","","","","","","",""
"2502","","","","","","","",""
"2503","","","","","","","",""
"2504","","","","","","","",""
"2505","","","","","","","",""
"2506","","","","","","","",""
"2507","","","","","","","",""
"2508","","","","","","","",""
"2509","","","","","","","",""
"2510","","","","","","","",""
"2511","","","","","","","",""
"2512","","","","","","","",""
"2513","","","","","","","",""
"2514","","","","","","","",""
"2515","","","","","","","",""
"2516","","","","","","","",""
"2517","","","","","","","",""
"2518","","","","","","","",""
"2519","","","","","","","",""
"2520","","","","","","","",""
"2521","","","","","","","",""
"2522","","","","","","","",""
"2523","","","","","","","",""
"2524","","","","","","","",""
"2525","","","","","","","",""
"2526","","","","","","","",""
"2527","","","","","","","",""
"2528","","","","","","","",""
"2529","","","","","","","",""
"2530","","","","","","","",""
"2531","","","","","","","",""
"2532","","","","","","","",""
"2533","","","","","","","",""
"2534","","","","","","","",""
"2535","","","","","","","",""
"2536","","","","","","","",""
"2537","","","","","","","",""
"2538","","","","","","","",""
"2539","","","","","","","",""
"2540","","","","","","","",""
"2541","","","","","","","",""
"2542","","","","","","","",""
"2543","","","","","","","",""
"2544","","","","","","","",""
"2545","","","","","","","",""
"2546","","","","","","","",""
"2547","","","","","","","",""
"2548","","","","","","","",""
"2549","","","","","","","",""
"2550","","","","","","","",""
"2551","","","","","","","",""
"2552","","","","","","","",""
"2553","","","","","","","",""
"2554","","","","","","","",""
"2555","","","","","","","",""
"2556","","","","","","","",""
"2557","","","","","","","",""
"2558","","","","","","","",""
"2559","","","","","","","",""
"2560","","","","","","","",""
"2561","","","","","","","",""
"2562","","","","","","","",""
"2563","","","","","","","",""
"2564","","","","","","","",""
"2565","","","","","","","",""
"2566","","","","","","","",""
"2567","","","","","","","",""
"2568","","","","","","","",""
"2569","","","","","","","",""
"2570","","","","","","","",""
"2571","","","","","","","",""
"2572","","","","","","","",""
"2573","","","","","","","",""
"2574","","","","","","","",""
"2575","","","","","","","",""
"2576","","","","","","","",""
"2577","","","","","","","",""
"2578","","","","","","","",""
"2579","","","","","","","",""
"2580","","","","","","","",""
"2581","","","","","","","",""
"2582","","","","","","","",""
"2583","","","","","","","",""
"2584","","","","","","","",""
"2585","","","","","","","",""
"2586","0.0387453","0.0195285","0.0157431","0.0060697","0.00417415","0.00136463","0.652402","0.261973"
"2587","0.093903","0.0511665","0.0186266","0.00238919","0.00187646","0.000791788","0.580746","0.250501"
"2588","0.105675","0.0363207","0.00819971","0.00174823","0.000694907","0.000733003","0.750168","0.0964603"
"2589","0.112098","0.0317801","0.00999685","0.00184068","0.000800364","0.000705309","0.74803","0.094749"
"2590","0.169964","0.0840573","0.00796683","0.00155666","0.000658267","9.93378e-05","0.557304","0.178394"
"2591","0.188859","0.0478771","0.00707182","0.0013924","0.000481403","0.000380877","0.602017","0.151921"
"2592","0.153773","0.0374676","0.0103899","0.00158824","0.000600444","0.000335792","0.620896","0.174948"
"2593","0.132052","0.0202024","0.0217986","0.0045614","0.000973905","0.000482748","0.669348","0.150581"
"2594","0.163252","0.0259146","0.0202435","0.00382311","0.000872653","0.000232283","0.683439","0.102223"
"2595","0.313756","0.0240827","0.00372801","0.000349492","0.000273532","0.000406434","0.603095","0.0543092"
"2596","0.401222","0.0137605","0.00263302","0.000523413","0.000195908","0.000208031","0.558219","0.0232378"
"2597","0.228487","0.0114464","0.00280706","0.00048188","0.000432334","0.00148984","0.73573","0.0191259"
"2598","0.338651","0.0196081","0.00562563","0.000351826","0.000322604","0.000170246","0.568694","0.0665767"
"2599","0.40734","0.00651996","0.00234959","0.000153723","0.000119921","0.000139703","0.567007","0.0163708"
"2600","0.425728","0.00424938","0.00648372","0.00108154","0.00057166","0.000416675","0.556629","0.00484024"
"2601","0.230926","0.0204454","0.0171323","0.00625175","0.00170281","0.00168768","0.694558","0.0272962"
"2602","0.22381","0.0533446","0.0088795","0.0030914","0.00143095","0.00164047","0.671744","0.0360587"
"2603","0.150395","0.0222803","0.0102218","0.00206749","0.000955318","0.00101244","0.730861","0.0822063"
"2604","0.253059","0.0416175","0.00547502","0.0016978","0.000946947","0.00173101","0.658973","0.0364998"
"2605","0.182533","0.0353399","0.00533544","0.00134318","0.000748594","0.00227912","0.737384","0.035037"
"2606","0.217678","0.0291037","0.00307567","0.000676254","0.00024335","0.000286607","0.733827","0.0151094"
"2607","0.187254","0.045046","0.00441543","0.00143018","0.000872895","0.00142792","0.729119","0.0304349"
"2608","0.247677","0.0551387","0.00726561","0.00553139","0.00178094","0.00137765","0.655709","0.0255201"
"2609","0.0720725","0.0313829","0.00294201","0.00319719","0.00129732","0.00123906","0.861982","0.0258872"
"2610","0.238223","0.07732","0.0108933","0.0161621","0.00250913","0.00156877","0.628426","0.0248969"
"2611","0.3445","0.057131","0.00796334","0.0101805","0.00158594","0.000892261","0.563693","0.0140536"
"2612","0.244424","0.0519221","0.00477493","0.00834535","0.00117864","0.00213011","0.673474","0.013751"
"2613","0.353032","0.0567559","0.00415396","0.00724312","0.00074419","0.00145092","0.566381","0.010239"
"2614","0.362614","0.0580539","0.00523945","0.00798567","0.000792185","0.00137656","0.551488","0.0124509"
"2615","0.373219","0.120691","0.00566223","0.0125444","0.000960116","0.00191327","0.464856","0.0201538"
"2616","0.175649","0.0291751","0.00120395","0.00377847","0.000540699","0.00341206","0.774957","0.0112834"
"2617","0.182439","0.0452016","0.00136462","0.00438406","0.000447939","0.00238885","0.752282","0.0114919"
"2618","0.553214","0.070195","0.00433269","0.00817037","0.000523193","0.00127652","0.351699","0.0105891"
"2619","0.500831","0.0812696","0.00369512","0.0077309","0.000539966","0.00123246","0.393341","0.0113596"
"2620","0.355912","0.0787685","0.00431387","0.00617667","0.000560306","0.00106076","0.537159","0.0160488"
"2621","0.328325","0.0882799","0.00275448","0.00389952","0.00064287","0.0015191","0.553285","0.0212943"
"2622","0.294282","0.0546148","0.00362002","0.00595667","0.000832762","0.00149861","0.616997","0.0221985"
"2623","0.407867","0.0807942","0.00148758","0.00199677","0.000336917","0.000521108","0.488133","0.0188641"
"2624","0.473284","0.0897733","0.00117148","0.00125547","0.000264469","0.000324211","0.418557","0.0153695"
"2625","0.450817","0.0995022","0.00217121","0.000845292","0.000352031","0.00039288","0.415863","0.0300563"
"2626","0.474264","0.119723","0.0010705","0.000911485","0.000221719","0.000175498","0.389156","0.0144773"
"2627","0.511463","0.139098","0.000371409","0.000216856","0.000118311","0.00011951","0.33687","0.0117428"
"2628","0.566213","0.157343","0.000311446","0.000580471","6.12966e-05","2.26857e-05","0.272325","0.00314297"
"2629","0.567315","0.146493","0.000477934","0.000758807","9.99537e-05","3.91605e-05","0.278546","0.00627059"
"2630","0.503849","0.157049","0.000376254","0.000569257","0.000160873","5.48847e-05","0.329843","0.00809737"
"2631","0.484515","0.175713","0.000198146","0.000498853","9.29579e-05","3.16727e-05","0.333858","0.00509271"
"2632","0.489935","0.215541","0.000219742","0.000719666","9.37651e-05","4.78988e-05","0.287946","0.00549687"
"2633","0.827946","0.0735699","0.000854021","0.00103057","0.000117418","8.72514e-05","0.0951533","0.00124135"
"2634","0.847798","0.0709953","0.0011481","0.00112268","0.000159031","0.000125298","0.0763598","0.00229208"
"2635","0.705243","0.0432388","0.00122201","0.00297096","0.00013427","0.000474918","0.243395","0.0033214"
"2636","0.00677487","0.0101234","0.0072424","0.400838","0.00861154","0.0106427","0.443158","0.112609"
"2637","0.00784324","0.00768887","0.00763713","0.418973","0.00408732","0.00532188","0.491668","0.0567806"
"2638","0.00980581","0.00860689","0.00522516","0.312792","0.00346108","0.010762","0.615261","0.034086"
"2639","0.00758548","0.00560169","0.00400816","0.234955","0.00284035","0.00921625","0.702083","0.0337107"
"2640","0.00613776","0.00199595","0.00585682","0.0860526","0.00203271","0.0373428","0.779339","0.0812425"
"2641","0.040709","0.00859856","0.00916992","0.472926","0.00120986","0.00344201","0.414627","0.0493184"
"2642","0.0402556","0.0124726","0.0151228","0.224233","0.00280949","0.0264644","0.632903","0.0457388"
"2643","0.0288191","0.0096394","0.0213443","0.339491","0.00327551","0.0230383","0.456301","0.118091"
"2644","0.0299202","0.00861509","0.0201019","0.346375","0.00299404","0.029733","0.453865","0.108396"
"2645","0.00683745","0.00245998","0.0123286","0.143195","0.00605991","0.0427079","0.723616","0.0627957"
"2646","0.00260474","0.000431859","0.00580364","0.0551227","0.00145972","0.0405264","0.865244","0.0288072"
"2647","0.00261509","0.00120092","0.000809708","0.00801217","0.00105039","0.108503","0.864235","0.0135738"
"2648","0.00977303","0.00133376","0.00218956","0.00524804","0.000560843","0.0888308","0.87065","0.0214144"
"2649","0.00756296","0.00102371","0.0019573","0.00562986","0.000467084","0.0353239","0.926381","0.0216537"
"2650","0.0014315","9.58938e-05","0.000784414","0.00611152","0.000532271","0.0111002","0.97335","0.006594"
"2651","0.00064662","7.67622e-05","0.000288579","0.00583547","0.000226672","0.0021517","0.982535","0.0082391"
"2652","0.00188671","0.000630979","0.000299125","0.00348258","0.00272953","0.1017","0.878049","0.0112217"
"2653","0.00188671","0.000630979","0.000299125","0.00348258","0.00272953","0.1017","0.878049","0.0112217"
"2654","0.357014","0.0238355","0.00291934","0.0554178","0.000368014","0.137525","0.357874","0.0650459"
"2655","0.000795329","5.79356e-06","4.99153e-06","0.000185157","7.44144e-06","0.0923261","0.905957","0.000718589"
"2656","0.000463839","3.08548e-05","0.000135154","0.00125669","9.19734e-06","0.866338","0.119513","0.0122525"
"2657","0.0233714","0.000991852","0.00287518","0.0188642","0.000978481","0.259521","0.688175","0.00522261"
"2658","0.0233714","0.000991852","0.00287518","0.0188642","0.000978481","0.259521","0.688175","0.00522261"
"2659","0.00258338","0.000238741","0.000622494","0.00893755","0.000375011","0.0411593","0.942156","0.00392715"
"2660","0.000613197","2.0711e-05","2.70278e-05","0.00140462","1.47728e-05","0.0870192","0.908537","0.00236335"
"2661","0.00166189","0.000110243","0.00167577","0.00629311","0.000405412","0.251096","0.735494","0.00326325"
"2662","0.00171587","9.85096e-05","0.00117116","0.0058527","0.00055013","0.031747","0.953225","0.00563922"
"2663","0.00127237","8.63063e-05","0.000289763","0.00196186","0.000239558","0.0430605","0.947533","0.00555689"
"2664","0.0012494","0.00017716","0.00119933","0.00479762","0.0010637","0.0311294","0.953034","0.0073492"
"2665","0.610234","0.0179385","0.0973061","0.0979807","0.0030804","0.00358641","0.156522","0.0133517"
"2666","0.325696","0.0131064","0.0622497","0.131518","0.00285687","0.00459206","0.438207","0.0217728"
"2667","0.186638","0.00838632","0.0424008","0.0720347","0.00408031","0.00666414","0.663772","0.0160236"
"2668","0.180803","0.00730125","0.0399383","0.0735776","0.0039952","0.00673788","0.673324","0.0143229"
"2669","0.225522","0.0215303","0.0405715","0.0990786","0.00432896","0.00500419","0.590839","0.0131256"
"2670","0.423067","0.0544832","0.0327416","0.141336","0.00200188","0.00102281","0.334631","0.0107164"
"2671","0.469775","0.0602225","0.024921","0.138933","0.0024585","0.000868599","0.287229","0.015593"
"2672","0.674008","0.0490346","0.0170124","0.052655","0.00134748","0.000468507","0.195838","0.00963563"
"2673","0.616285","0.160609","0.0190085","0.0633156","0.00171892","0.000224741","0.124366","0.0144725"
"2674","0.715446","0.0865363","0.0154687","0.0424678","0.00061698","7.10097e-05","0.126536","0.0128581"
"2675","0.624771","0.099447","0.0186109","0.0181521","0.000519265","0.000115271","0.198283","0.0401011"
"2676","0.435582","0.227051","0.0261485","0.0177553","0.0024273","0.000411107","0.177112","0.113513"
"2677","0.525909","0.10572","0.0487821","0.0355019","0.00260561","0.000444781","0.224729","0.0563083"
"2678","0.0152043","0.00336938","0.0169355","0.103241","0.0117984","0.0409511","0.697742","0.110758"
